{
    "insert_success" : "Data Inserted Successfully.",
    "update_success" : "Data Updated Successfully.",
    "delete_success" : "Data Deleted Successfully.",
    "delete_failed" : "No Data Deleted.",
    "no_data_found" : "No Data Found.",
    "something_went_wrong" : "Something Went Wrong.",
    "invalid_cred" : "Invalid credentials. Please try again",
    "update_failed" : "No Rows Were Updated.",
    "insert_failed" : "No Data Inserted",
    "already_exists" : "User mail ID already exists",
    "login_success" : "Login Succesfull",
    "internal_server_error" : "Internal Server Error",
    "no_matching_record": "No Matching Record Found",
    "image_not_found" : "No images provided",
    "already_present" : "Already joined in the community",
    "already_subscribed" : "Already subscribed",
    "invalid_action" : "Invalid Action Provided. Please verify",
    "duplicate_page_data" : "Duplicate page record. Please update the keywords instead of insert",
    "need_required_fields" : "Need Required Fields",
    "invalid_input_format" : "Invalid Input Format",
    "password_warning" : "Password must be at least 6 characters long"
}